order_id,customer_id,order_date,status
1,80,2023-07-28,Returned
2,31,2023-03-21,Completed
3,53,2023-04-01,Completed
4,95,2023-04-02,Cancelled
5,86,2023-07-30,Returned
6,35,2023-05-08,Completed
7,14,2023-12-26,Cancelled
8,61,2023-01-20,Completed
9,59,2023-04-13,Cancelled
10,30,2023-06-06,Completed
11,85,2023-01-13,Completed
12,43,2023-07-24,Cancelled
13,99,2023-02-05,Cancelled
14,83,2023-06-29,Returned
15,87,2023-07-24,Returned
16,4,2023-06-19,Completed
17,23,2023-05-14,Returned
18,5,2023-05-16,Completed
19,56,2023-11-02,Cancelled
20,56,2023-06-10,Returned
21,15,2023-09-19,Cancelled
22,25,2023-10-23,Cancelled
23,91,2023-01-23,Cancelled
24,67,2023-01-01,Returned
25,93,2023-12-18,Returned
26,26,2023-12-10,Cancelled
27,9,2023-08-09,Returned
28,80,2023-06-19,Cancelled
29,16,2023-12-06,Returned
30,65,2023-06-03,Cancelled
31,53,2023-12-08,Cancelled
32,90,2023-07-26,Cancelled
33,17,2023-10-11,Completed
34,86,2023-08-04,Cancelled
35,96,2023-12-13,Completed
36,73,2023-11-12,Cancelled
37,71,2023-07-27,Completed
38,37,2023-06-05,Completed
39,75,2023-08-09,Returned
40,42,2023-12-02,Cancelled
41,57,2023-08-15,Returned
42,66,2023-04-20,Cancelled
43,85,2023-03-28,Completed
44,66,2023-05-26,Returned
45,80,2023-11-21,Cancelled
46,97,2023-02-17,Completed
47,40,2023-12-11,Completed
48,19,2023-04-12,Completed
49,32,2023-01-24,Cancelled
50,99,2023-11-09,Completed
51,54,2023-08-22,Returned
52,25,2023-10-22,Returned
53,50,2023-12-23,Cancelled
54,32,2023-07-24,Completed
55,89,2023-12-02,Completed
56,100,2023-02-24,Cancelled
57,23,2023-04-23,Returned
58,60,2023-09-23,Completed
59,32,2023-10-13,Completed
60,18,2023-08-22,Cancelled
61,68,2023-12-08,Returned
62,41,2023-11-01,Cancelled
63,93,2023-11-10,Returned
64,71,2023-08-07,Cancelled
65,96,2023-03-23,Cancelled
66,34,2023-08-19,Completed
67,36,2023-11-23,Returned
68,81,2023-09-06,Completed
69,57,2023-05-21,Completed
70,37,2024-01-01,Completed
71,43,2023-05-20,Cancelled
72,11,2023-10-04,Completed
73,30,2023-03-19,Cancelled
74,20,2023-12-22,Returned
75,9,2023-04-20,Cancelled
76,43,2023-07-28,Returned
77,54,2023-08-27,Completed
78,54,2023-04-16,Cancelled
79,90,2023-10-27,Completed
80,49,2023-10-22,Cancelled
81,46,2023-01-04,Cancelled
82,54,2023-07-19,Returned
83,78,2023-10-07,Completed
84,29,2023-09-07,Cancelled
85,63,2023-08-12,Completed
86,44,2023-07-19,Returned
87,52,2023-12-14,Returned
88,60,2023-03-26,Completed
89,69,2023-11-15,Completed
90,76,2023-07-21,Returned
91,4,2023-12-06,Completed
92,55,2023-11-26,Completed
93,24,2023-08-25,Completed
94,49,2023-05-14,Cancelled
95,59,2023-04-19,Cancelled
96,98,2023-06-22,Cancelled
97,97,2023-05-23,Cancelled
98,11,2023-05-10,Cancelled
99,96,2023-01-10,Returned
100,45,2023-01-27,Completed
101,9,2023-11-29,Returned
102,97,2023-01-21,Completed
103,26,2023-05-07,Completed
104,20,2023-11-15,Completed
105,61,2023-03-06,Returned
106,73,2023-02-28,Completed
107,90,2023-08-27,Cancelled
108,22,2023-07-08,Returned
109,96,2023-11-07,Returned
110,100,2023-02-28,Completed
111,14,2023-06-09,Returned
112,40,2023-01-14,Returned
113,49,2023-12-13,Cancelled
114,10,2023-04-12,Returned
115,81,2023-12-20,Completed
116,90,2023-02-22,Cancelled
117,77,2023-12-17,Completed
118,6,2023-10-17,Cancelled
119,55,2023-09-30,Returned
120,9,2023-07-09,Returned
121,44,2023-11-28,Completed
122,63,2023-08-04,Completed
123,47,2023-08-10,Returned
124,91,2023-08-24,Completed
125,23,2023-08-11,Returned
126,84,2023-09-25,Cancelled
127,69,2023-11-12,Cancelled
128,56,2023-08-27,Returned
129,35,2023-10-31,Cancelled
130,12,2023-05-06,Cancelled
131,32,2023-08-19,Cancelled
132,79,2023-10-19,Returned
133,44,2023-07-14,Completed
134,42,2023-09-11,Completed
135,28,2023-09-07,Cancelled
136,44,2023-05-13,Cancelled
137,90,2023-11-02,Cancelled
138,2,2023-10-12,Returned
139,11,2023-04-08,Completed
140,63,2023-07-28,Returned
141,89,2023-05-04,Cancelled
142,92,2023-11-27,Cancelled
143,3,2023-08-18,Completed
144,29,2023-05-31,Cancelled
145,32,2023-12-21,Cancelled
146,75,2023-12-06,Cancelled
147,71,2023-08-31,Returned
148,55,2023-06-26,Returned
149,43,2023-10-09,Cancelled
150,59,2023-12-26,Cancelled
151,33,2023-06-06,Completed
152,93,2023-03-03,Completed
153,16,2023-06-11,Returned
154,98,2023-10-02,Returned
155,25,2023-04-05,Completed
156,36,2023-09-05,Returned
157,98,2023-10-29,Returned
158,37,2023-11-02,Completed
159,38,2023-04-10,Completed
160,23,2023-07-04,Cancelled
161,91,2023-01-08,Returned
162,36,2023-03-06,Completed
163,71,2023-01-28,Cancelled
164,17,2023-12-24,Returned
165,14,2023-09-09,Completed
166,37,2023-10-21,Cancelled
167,57,2023-09-03,Cancelled
168,7,2023-04-05,Cancelled
169,15,2023-09-02,Completed
170,63,2023-07-25,Completed
171,81,2023-10-23,Returned
172,20,2023-01-28,Completed
173,39,2023-10-16,Completed
174,16,2023-05-08,Returned
175,78,2023-08-02,Returned
176,29,2023-11-13,Returned
177,58,2023-07-14,Cancelled
178,76,2023-06-02,Cancelled
179,73,2023-06-06,Returned
180,79,2023-01-31,Returned
181,98,2023-02-20,Completed
182,28,2023-11-17,Cancelled
183,11,2023-12-05,Completed
184,23,2023-05-03,Returned
185,21,2023-02-08,Completed
186,58,2023-07-29,Returned
187,61,2023-11-01,Cancelled
188,30,2023-01-17,Cancelled
189,37,2023-12-28,Returned
190,10,2023-08-21,Returned
191,34,2023-04-30,Returned
192,85,2023-10-29,Completed
193,15,2023-08-06,Returned
194,83,2023-04-26,Completed
195,19,2023-05-17,Completed
196,22,2023-01-31,Cancelled
197,96,2023-11-01,Returned
198,57,2023-05-28,Completed
199,89,2023-08-28,Cancelled
200,52,2023-12-25,Cancelled
201,70,2023-09-14,Cancelled
202,11,2023-08-13,Returned
203,56,2023-01-21,Returned
204,78,2023-06-15,Cancelled
205,12,2023-01-14,Completed
206,74,2023-12-12,Returned
207,98,2023-01-11,Returned
208,74,2023-05-18,Completed
209,61,2023-03-31,Returned
210,57,2023-11-30,Cancelled
211,75,2023-04-03,Cancelled
212,63,2023-11-22,Completed
213,45,2023-08-29,Cancelled
214,42,2023-06-20,Returned
215,21,2023-02-23,Cancelled
216,89,2023-07-30,Cancelled
217,85,2023-05-28,Cancelled
218,5,2023-10-09,Cancelled
219,41,2023-02-15,Cancelled
220,15,2023-06-15,Cancelled
221,1,2023-09-21,Returned
222,60,2023-10-05,Cancelled
223,25,2023-01-28,Returned
224,80,2023-07-05,Cancelled
225,57,2023-11-17,Completed
226,35,2023-04-15,Returned
227,37,2023-03-09,Cancelled
228,63,2023-12-24,Completed
229,81,2023-01-15,Returned
230,91,2023-05-03,Completed
231,71,2023-06-09,Completed
232,53,2023-10-10,Completed
233,15,2023-04-26,Cancelled
234,83,2023-03-02,Completed
235,92,2023-09-13,Cancelled
236,91,2023-09-18,Cancelled
237,62,2023-08-01,Cancelled
238,59,2023-05-05,Returned
239,50,2023-03-16,Completed
240,66,2023-11-03,Returned
241,9,2023-03-11,Cancelled
242,44,2023-08-01,Returned
243,1,2023-05-17,Cancelled
244,76,2023-06-02,Returned
245,63,2023-12-04,Completed
246,69,2023-08-17,Cancelled
247,43,2023-06-26,Returned
248,49,2023-10-06,Cancelled
249,25,2023-06-14,Returned
250,74,2023-05-03,Cancelled
251,100,2023-04-30,Cancelled
252,41,2023-01-23,Returned
253,91,2023-08-31,Cancelled
254,85,2023-07-17,Returned
255,64,2023-03-19,Completed
256,65,2023-03-06,Returned
257,13,2023-06-19,Cancelled
258,68,2023-02-21,Cancelled
259,93,2023-01-08,Completed
260,84,2023-07-29,Completed
261,61,2023-02-08,Cancelled
262,80,2023-06-23,Returned
263,84,2023-07-23,Completed
264,87,2023-06-18,Returned
265,41,2023-07-14,Returned
266,70,2023-09-07,Completed
267,9,2023-11-13,Completed
268,88,2023-11-20,Cancelled
269,96,2023-04-27,Completed
270,13,2023-08-11,Returned
271,13,2023-12-27,Cancelled
272,89,2023-03-27,Cancelled
273,6,2023-01-15,Cancelled
274,38,2023-01-29,Cancelled
275,56,2023-07-11,Completed
276,68,2023-05-06,Cancelled
277,88,2023-10-17,Completed
278,23,2023-03-29,Completed
279,49,2023-11-09,Returned
280,31,2023-12-16,Cancelled
281,19,2023-10-26,Completed
282,82,2023-08-25,Cancelled
283,33,2023-08-24,Returned
284,60,2023-01-05,Cancelled
285,70,2023-12-13,Completed
286,57,2023-02-07,Cancelled
287,39,2023-10-28,Returned
288,89,2023-08-06,Cancelled
289,39,2023-08-22,Completed
290,62,2023-07-16,Completed
291,49,2023-05-02,Returned
292,74,2023-07-03,Cancelled
293,38,2023-12-25,Completed
294,51,2023-12-04,Cancelled
295,73,2023-01-05,Returned
296,78,2023-01-26,Returned
297,37,2023-09-12,Completed
298,46,2023-11-07,Completed
299,25,2023-11-22,Returned
300,87,2023-05-09,Returned
